Código.Operacional,Tipo,Descrição,Família,Espécie
1101,Cheia,"Intervenção em proteção e socorro na sequência da saída dos cursos de água dos seus leitos naturais, em função de precipitações intensas ou outros fenómenos.",Riscos Naturais,Fenómenos Naturais
1103,Ventos fortes,"Intervenção em proteção e socorro de pessoas e bens, na sequência de ventos fortes que podem assumir a forma de tornados ou outros fenómenos criados por ciclogénese.",Riscos Naturais,Fenómenos Naturais
1105,Sismo,"Intervenção em proteção e socorro de pessoas e bens, na sequência de um sismo.",Riscos Naturais,Fenómenos Naturais
1107,Nevões,Assistência à população em resultado da queda de neve que impeça a circulação ou o acesso a áreas habitadas.,Riscos Naturais,Fenómenos Naturais
1109,Ondas de calor,Assistência à população motivada por ondas de calor.,Riscos Naturais,Fenómenos Naturais
1111,Ondas de frio,Assistência à população motivada por ondas de frio.,Riscos Naturais,Fenómenos Naturais
1113,Secas,Assistência à população motivada por ausência prolongada de precipitação.,Riscos Naturais,Fenómenos Naturais
1115,Inundação por galgamento costeiro,"Invasão de áreas costeiras por água do mar ou de estuários, por sobre-elevação da maré ou em resultado de tsunami.",Riscos Naturais,Fenómenos Naturais
1117,Erosão costeira,"Destruição de praias e sistemas dunares por erosão costeira, não envolvendo invasão de áreas costeiras por água.",Riscos Naturais,Fenómenos Naturais
1119,Colapso de cavidades subterrâneas naturais,"Ações de busca, resgate ou assistência no decurso do colapso de cavidades subterrâneas
naturais.",Riscos Naturais,Fenómenos Naturais
1120,Exercício de Colapso de cavidades subterrâneas naturais,"Exercício no âmbito de ações de busca, resgate ou assistência no decurso do colapso de cavidades subterrâneas naturais.",Riscos Naturais,Fenómenos Naturais
1121,Atividade Vulcânica,Ações de proteção e socorro no decurso de atividade vulcânica.,Riscos Naturais,Fenómenos Naturais
1122,Exercício de Atividade Vulcânica,Exercício no âmbito de ações de proteção e socorro no decurso de atividade vulcânica.,Riscos Naturais,Fenómenos Naturais
1123,Queda de Meteorito,Queda de meteorito em território nacional,Riscos Naturais,Fenómenos Naturais
1124,Exercício de Queda de Meteorito,Exercício no âmbito de uma queda de meteorito em território nacional,Riscos Naturais,Fenómenos Naturais
1125,Enxurrada / Aluvião,"Intervenção em proteção e socorro na sequência de grande quantidade de água que corre
com violência, dentro ou fora dos seus leitos naturais, resultantes de chuvas abundantes e que arrastam no seu fluxo grandes quantidades de solo e detritos, e que podem provocar
transbordo dos cursos de água.",Riscos Naturais,Fenómenos Naturais
1126,Exercício de Enxurrada / Aluvião,"Exercício no âmbito de uma Intervenção em proteção e socorro na sequência de grande
quantidade de água que corre com violência, dentro ou fora dos seus leitos naturais, resultantes de chuvas abundantes e que arrastam no seu fluxo grandes quantidades de solo e
detritos, e que podem provocar transbordo dos cursos de água.",Riscos Naturais,Fenómenos Naturais
2101,Habitacional,"Incêndio em edifícios ou parte de edifício destinados a habitação uni- ou multifamiliar, incluindo espaços comuns de acesso e áreas não residenciais reservadas ao uso exclusivo dos residentes.",Riscos Tecnológicos,Incêndios Urbanos ou em Área Urbanizável
2102,Exercício Habitacional,"Exercício no âmbito de um incêndio em edifícios ou parte de edifício destinados a habitação uni- ou multifamiliar, incluindo espaços comuns de acesso e áreas não residenciais reservadas ao uso exclusivo dos residentes.",Riscos Tecnológicos,Incêndios Urbanos ou em Área Urbanizável
2103,Estacionamento de superfície,"Incêndio em superfície ao ar livre, dedicada ao estacionamento de veículos.",Riscos Tecnológicos,Incêndios Urbanos ou em Área Urbanizável
2104,Exercício em Estacionamento de superfície,"Exercício no âmbito de um incêndio em superfície ao ar livre, dedicada ao estacionamento de veículos.",Riscos Tecnológicos,Incêndios Urbanos ou em Área Urbanizável
2105,Estacionamento em profundidade ou silo,Incêndio em edifícios e partes de edifícios destinados ao estacionamento de veículos.,Riscos Tecnológicos,Incêndios Urbanos ou em Área Urbanizável
2106,Exercício em Estacionamento em profundidade ou silo,Exercício no âmbito de um incêndio em edifícios e partes de edifícios destinados ao estacionamento de veículos.,Riscos Tecnológicos,Incêndios Urbanos ou em Área Urbanizável
2107,Serviços Administrativos,"Incêndios em edifícios ou partes de edifícios onde se desenvolvem atividades administrativas, de atendimento ao público ou de serviços, nomeadamente escritórios, repartições públicas, tribunais, conservatórias, balcões de atendimento, notários, gabinetes de profissionais liberais, espaços de investigação não dedicados ao ensino, excluindo as oficinas de reparação e manutenção.",Riscos Tecnológicos,Incêndios Urbanos ou em Área Urbanizável
2108,Exercícios em Serviços Administrativos,"Exercício no âmbito de incêndios em edifícios ou partes de edifícios onde se desenvolvem atividades administrativas, de atendimento ao público ou de serviços, nomeadamente escritórios, repartições públicas, tribunais, conservatórias, balcões de atendimento, notários, gabinetes de profissionais liberais, espaços de investigação não dedicados ao ensino, excluindo as oficinas de reparação e manutenção.",Riscos Tecnológicos,Incêndios Urbanos ou em Área Urbanizável
2109,Parque Escolar,"Incêndios em edifícios ou partes de edifícios onde se ministrem ações de educação, ensino e
formação, ou onde se exerçam atividades lúdicas conexas, como escolas de todos os níveis e áreas de formação, faculdades e politécnicos, creches e jardim-de-infância, centros de
formação, centros de juventude e ocupação de tempos livres, entre outros",Riscos Tecnológicos,Incêndios Urbanos ou em Área Urbanizável
2110,Exercício em Parque Escolar,"Exercício no âmbito de incêndios em edifícios ou partes de edifícios onde se ministrem ações de educação, ensino e formação, ou onde se exerçam atividades lúdicas conexas, como escolas de todos os níveis e áreas de formação, faculdades e politécnicos, creches e jardim- de-infância, centros de formação, centros de juventude e ocupação de tempos livres, entre outros.",Riscos Tecnológicos,Incêndios Urbanos ou em Área Urbanizável
2111,Hospitalares e Lares de Idosos,"Incêndios em edifícios ou partes de edifícios recebendo público, destinados à execução de
ações de diagnóstico ou à prestação de cuidados na área da saúde, com ou sem
internamento, ao apoio a pessoas idosas ou com condicionalismos decorrentes de fatores de
natureza física ou psíquica, ou onde se desenvolvam atividades dedicadas a essas pessoas, nomeadamente hospitais, clínicas, consultórios, policlínicas, dispensários médicos, centros de
saúde, de diagnóstico, de enfermagem, de hemodiálise ou de fisioterapia, laboratórios de análises clínicas, bem como lares, albergues, residenciais, centros de abrigo e centros de dia com atividades destinadas à terceira idade.",Riscos Tecnológicos,Incêndios Urbanos ou em Área Urbanizável
2112,Exercícios Hospitalares e Lares de Idosos,"Exercício no âmbito de incêndios em edifícios ou partes de edifícios recebendo público,
destinados à execução de ações de diagnóstico ou à prestação de cuidados na área da saúde,
com ou sem internamento, ao apoio a pessoas idosas ou com condicionalismos decorrentes
de fatores de natureza física ou psíquica, ou onde se desenvolvam atividades dedicadas a essas pessoas, nomeadamente hospitais, clínicas, consultórios, policlínicas, dispensários
médicos, centros de saúde, de diagnóstico, de enfermagem, de hemodiálise ou de fisioterapia, laboratórios de análises clínicas, bem como lares, albergues, residenciais, centros de abrigo e centros de dia com atividades destinadas à terceira idade.",Riscos Tecnológicos,Incêndios Urbanos ou em Área Urbanizável
2113,Espetáculos e Reuniões Públicas,"Incêndios em edifícios ou partes de edifícios, recintos itinerantes ou provisórios e ao lar livre que recebam público, destinados a espetáculos, reuniões públicas, exibição de meios audiovisuais, bailes, jogos, conferências, palestras, culto religioso e exposições, podendo ser, ou não, polivalentes e desenvolver as atividades referidas em regime não permanente, nomeadamente teatros, cineteatros, cinemas, coliseus, praças de touros, circos, salas de jogo, salões de dança, discotecas, bares com música ao vivo, estúdios de gravação, auditórios, salas de conferências, templos religiosos e pavilhões multiusos.",Riscos Tecnológicos,Incêndios Urbanos ou em Área Urbanizável
2114,Exercícios em Espetáculos e Reuniões Públicas,"Exercício no âmbito de incêndios em edifícios ou partes de edifícios, recintos itinerantes ou provisórios e ao lar livre que recebam público, destinados a espetáculos, reuniões públicas, exibição de meios audiovisuais, bailes, jogos, conferências, palestras, culto religioso e exposições, podendo ser, ou não, polivalentes e desenvolver as atividades referidas em regime não permanente, nomeadamente teatros, cineteatros, cinemas, coliseus, praças de touros, circos, salas de jogo, salões de dança, discotecas, bares com música ao vivo, estúdios de gravação, auditórios, salas de conferências, templos religiosos e pavilhões multiusos.",Riscos Tecnológicos,Incêndios Urbanos ou em Área Urbanizável
2115,Hotelaria e Restauração,"Incêndios em edifícios ou partes de edifícios recebendo público, fornecendo alojamento temporário ou exercendo atividades de restauração e bebidas, em regime de ocupação exclusiva ou não, nomeadamente os destinados a empreendimentos turísticos, alojamento local, estabelecimentos de restauração ou de bebidas, dormitórios e, quando não inseridos num estabelecimento escolar, residências de estudantes e colónias de férias.",Riscos Tecnológicos,Incêndios Urbanos ou em Área Urbanizável
2116,Exercícios em Hotelaria e Restauração,"Exercício no âmbito de incêndios em edifícios ou partes de edifícios recebendo público,
fornecendo alojamento temporário ou exercendo atividades de restauração e bebidas, em
regime de ocupação exclusiva ou não, nomeadamente os destinados a empreendimentos turísticos, alojamento local, estabelecimentos de restauração ou de bebidas, dormitórios e,
quando não inseridos num estabelecimento escolar, residências de estudantes e colónias de
férias.",Riscos Tecnológicos,Incêndios Urbanos ou em Área Urbanizável
2117,Áreas Comerciais e Gares de Transportes,"Incêndios em edifícios ou partes de edifícios recebendo público, ocupados por estabelecimentos comerciais onde se exponham e vendam materiais, produtos, equipamentos ou outros bens, destinados a ser consumidos no exterior desse estabelecimento, ou ocupados por gares destinados a aceder a meios de transporte rodoviário, ferroviário, marítimo, fluvial ou aéreo, incluindo as gares intermodais, constituindo espaço de interligação entre a via pública e esses meios de transporte, com exceção das plataformas de embarque ao ar livre.",Riscos Tecnológicos,Incêndios Urbanos ou em Área Urbanizável
2118,Exercícios em Áreas Comerciais e Gares de Transportes,"Exercício no âmbito de incêndios em edifícios ou partes de edifícios recebendo público, ocupados por estabelecimentos comerciais onde se exponham e vendam materiais, produtos, equipamentos ou outros bens, destinados a ser consumidos no exterior desse estabelecimento, ou ocupados por gares destinados a aceder a meios de transporte rodoviário, ferroviário, marítimo, fluvial ou aéreo, incluindo as gares intermodais, constituindo espaço de interligação entre a via pública e esses meios de transporte, com exceção das plataformas de embarque ao ar livre.",Riscos Tecnológicos,Incêndios Urbanos ou em Área Urbanizável
2119,Desporto e Lazer,"Incêndios em edifícios ou partes de edifícios e recintos recebendo ou não público, destinados a atividades desportivas e de lazer, nomeadamente estádios, picadeiros, hipódromos, velódromos, autódromos, motódromos, kartódromos, campos de jogos, parques de campismo e caravanismo, pavilhões desportivos, piscinas, parques aquáticos, pistas de patinagem, ginásios e saunas, entre outros.",Riscos Tecnológicos,Incêndios Urbanos ou em Área Urbanizável
2120,Exercício em Desporto e Lazer,"Exercício no âmbito de incêndios em edifícios ou partes de edifícios e recintos recebendo ou não público, destinados a atividades desportivas e de lazer, nomeadamente estádios, picadeiros, hipódromos, velódromos, autódromos, motódromos, kartódromos, campos de jogos, parques de campismo e caravanismo, pavilhões desportivos, piscinas, parques aquáticos, pistas de patinagem, ginásios e saunas, entre outros.",Riscos Tecnológicos,Incêndios Urbanos ou em Área Urbanizável
2121,Museus e Galerias de Arte,"Incêndios em edifícios ou partes de edifícios, recebendo ou não público, destinados à
exibição de peças do património histórico e cultural ou a atividades de exibição,
demonstração e divulgação de carácter científico, cultural ou técnico, nomeadamente museus, galerias de arte, oceanários, aquários, instalações de parques zoológicos ou
botânicos, espaços de exposição destinados à divulgação científica e técnica, desde que não se enquadrem nas classificações 2113 e 2119.",Riscos Tecnológicos,Incêndios Urbanos ou em Área Urbanizável
2122,Exercícios em Museus e Galerias de Arte,"Exercício no âmbito de incêndios em edifícios ou partes de edifícios, recebendo ou não
público, destinados à exibição de peças do património histórico e cultural ou a atividades de exibição, demonstração e divulgação de carácter científico, cultural ou técnico, nomeadamente museus, galerias de arte, oceanários, aquários, instalações de parques zoológicos ou botânicos, espaços de exposição destinados à divulgação científica e técnica, desde que não se enquadrem nas classificações 2114 e 2120.",Riscos Tecnológicos,Incêndios Urbanos ou em Área Urbanizável
2123,Bibliotecas e Arquivos,"Incêndios em edifícios ou partes de edifícios, recebendo ou não público, destinados a arquivo documental, podendo disponibilizar os documentos para consulta ou visualização no próprio local ou não, nomeadamente bibliotecas, hemerotecas, mediatecas e arquivos.",Riscos Tecnológicos,Incêndios Urbanos ou em Área Urbanizável
2124,Exercícios em Bibliotecas e Arquivos,"Exercício no âmbito de incêndios em edifícios ou partes de edifícios, recebendo ou não
público, destinados a arquivo documental, podendo disponibilizar os documentos para consulta ou visualização no próprio local ou não, nomeadamente bibliotecas, hemerotecas,
mediatecas e arquivos.",Riscos Tecnológicos,Incêndios Urbanos ou em Área Urbanizável
2125,"Militar, Forças de Segurança e Forças de Socorro","Incêndios em edifícios ou partes de edifícios e recintos de entidades oficiais militares, das forças de segurança e das forças de prestação de socorro.",Riscos Tecnológicos,Incêndios Urbanos ou em Área Urbanizável
2126,"Exercício Militar, Forças de Segurança e Forças de Socorro","Exercício no âmbito de incêndios em edifícios ou partes de edifícios e recintos de entidades oficiais militares, das forças de segurança e das forças de prestação de socorro.",Riscos Tecnológicos,Incêndios Urbanos ou em Área Urbanizável
2127,"Indústria, Oficina e Armazém","Incêndios em edifícios ou partes de edifícios e recintos ao ar livre, não recebendo habitualmente público, destinados ao exercício de atividades industriais ou ao armazenamento de materiais, substâncias, produtos ou equipamentos, oficinas de reparação e todos os serviços auxiliares ou complementares destas atividades.",Riscos Tecnológicos,Incêndios Urbanos ou em Área Urbanizável
2128,"Exercício em Indústria, Oficina e Armazém","xercício no âmbito de incêndios em edifícios ou partes de edifícios e recintos ao ar livre, não
recebendo habitualmente público, destinados ao exercício de atividades industriais ou ao armazenamento de materiais, substâncias, produtos ou equipamentos, oficinas de reparação
e todos os serviços auxiliares ou complementares destas atividades.",Riscos Tecnológicos,Incêndios Urbanos ou em Área Urbanizável
2129,Edifícios degradados ou devolutos,"ncêndios em edifícios ou partes de edifícios, sem fruição devido ao seu estado de degradação.",Riscos Tecnológicos,Incêndios Urbanos ou em Área Urbanizável
2130,Exercício em Edifícios degradados ou devolutos,"Exercício no âmbito de incêndios em edifícios ou partes de edifícios, sem fruição devido ao seu estado de degradação.",Riscos Tecnológicos,Incêndios Urbanos ou em Área Urbanizável
2201,Equipamentos,"Incêndios que afetam exclusivamente equipamentos, não alastrando para outras superfícies.",Riscos Tecnológicos,Incêndios em Equipamento e Produtos
2202,Exercício em Equipamentos,"Exercício no âmbito de incêndios em edifícios que afetam exclusivamente equipamentos, não alastrando para outras superfícies.",Riscos Tecnológicos,Incêndios em Equipamento e Produtos
2203,Produtos,"Incêndios em edifícios que afetam exclusivamente produtos, não gerando danos nas infraestruturas que os contêm.",Riscos Tecnológicos,Incêndios em Equipamento e Produtos
2204,Exercício em Produtos,"Exercício no âmbito de incêndios que afetam exclusivamente produtos, não gerando danos nas infraestruturas que os contêm.",Riscos Tecnológicos,Incêndios em Equipamento e Produtos
2301,Rodoviário,Incêndios em todo o tipo de meio rodoviário.,Riscos Tecnológicos,Incêndios em Transportes
2302,Exercício Rodoviário,Exercício no âmbito de incêndios em todo o tipo de meio rodoviário.,Riscos Tecnológicos,Incêndios em Transportes
2303,Aéreo,Incêndios em todo o tipo de meio aéreo.,Riscos Tecnológicos,Incêndios em Transportes
2304,Exercício Aéreo,Exercício no âmbito de incêndios em todo o tipo de meio aéreo.,Riscos Tecnológicos,Incêndios em Transportes
2305,Ferroviário,Incêndios em todo o tipo de meio ferroviário.,Riscos Tecnológicos,Incêndios em Transportes
2306,Exercício Ferroviário,Exercício no âmbito de incêndios em todo o tipo de meio ferroviário.,Riscos Tecnológicos,Incêndios em Transportes
2307,Aquático,Incêndios em todo o tipo de meio aquático.,Riscos Tecnológicos,Incêndios em Transportes
2308,Exercício Aquático,Exercício no âmbito de incêndios em todo o tipo de meio aquático.,Riscos Tecnológicos,Incêndios em Transportes
2401,Atropelamento rodoviário,"Dano à integridade física, causado por qualquer tipo de veículo em movimento.",Riscos Tecnológicos,Acidentes
2402,Exercício de Atropelamento rodoviário,"Exercício no âmbito de dano à integridade física, causado por qualquer tipo de veículo em movimento.",Riscos Tecnológicos,Acidentes
2403,Colisão rodoviária,Colisão entre viaturas.,Riscos Tecnológicos,Acidentes
2404,Exercício de Colisão rodoviária,Exercício no âmbito de colisão entre viaturas.,Riscos Tecnológicos,Acidentes
2405,Acidentes com veículos fora de estrada,"Acidentes com danos, em veículos fora de estrada, como tratores e outros veículos agrícolas, florestais ou industriais.",Riscos Tecnológicos,Acidentes
2406,Exercício de Acidentes com veículos fora de estrada,"Exercício no âmbito de acidentes com danos, em veículos fora de estrada, como tratores e outros veículos agrícolas, florestais ou industriais.",Riscos Tecnológicos,Acidentes
2407,Despiste,"Acidente com danos pessoais ou materiais, no decurso de perda de controlo do veículo.",Riscos Tecnológicos,Acidentes
2408,Exercício de Despiste,"Exercício no âmbito de acidente com danos pessoais ou materiais, no decurso de perda de controlo do veículo.",Riscos Tecnológicos,Acidentes
2409,Acidente Aéreo,"Colisão entre aeronaves ou queda de aeronave, bem como qualquer tipo de avaria que implique mobilização de meios terrestres para apoio e socorro.",Riscos Tecnológicos,Acidentes
2410,Exercício de Acidente Aéreo,"Exercício no âmbito de colisão entre aeronaves ou queda de aeronave, bem como qualquer tipo de avaria que implique mobilização de meios terrestres para apoio e socorro.",Riscos Tecnológicos,Acidentes
2411,Atropelamento ferroviário,Dano à integridade física causado por qualquer tipo de veículo ferroviário.,Riscos Tecnológicos,Acidentes
2412,Exercício de Atropelamento ferroviário,Exercício no âmbito de dano à integridade física causado por qualquer tipo de veículo ferroviário.,Riscos Tecnológicos,Acidentes
2413,Abalroamento ferroviário,Colisão de veículos ferroviários com veículos rodoviários ou obstáculos.,Riscos Tecnológicos,Acidentes
2414,Exercício de Abalroamento ferroviário,Exercício no âmbito de colisão de veículos ferroviários com veículos rodoviários ou obstáculos.,Riscos Tecnológicos,Acidentes
2415,Choque entre veículos ou composições ferroviárias,Colisão entre duas ou mais composições ferroviárias ou veículos ferroviários.,Riscos Tecnológicos,Acidentes
2416,Exercício de Choque entre veículos ou composições ferroviárias,Exercício no âmbito de colisão entre duas ou mais composições ferroviárias ou veículos ferroviário,Riscos Tecnológicos,Acidentes
2417,Descarrilamento ferroviário,Saída de veículos ferroviários da circulação em carris.,Riscos Tecnológicos,Acidentes
2418,Exercício de Descarrilamento ferroviário,Exercício no âmbito de saída de veículos ferroviários da circulação em carris.,Riscos Tecnológicos,Acidentes
2419,Afundamento ou adornamento,"Submersão total ou parcial de embarcações, navios, ou veículos aquáticos.",Riscos Tecnológicos,Acidentes
2420,Exercício de Afundamento ou adornamento,"Exercício no âmbito de uma submersão total ou parcial de embarcações, navios, ou veículos aquáticos.",Riscos Tecnológicos,Acidentes
2421,Encalhe,"Acidentes com embarcações, navios, ou veículos aquáticos, resultando em encalhe.",Riscos Tecnológicos,Acidentes
2422,Exercício de Encalhe,"Exercícios no âmbito de acidentes com embarcações, navios, ou veículos aquáticos, 2422 resultando em encalhe",Riscos Tecnológicos,Acidentes
2423,Colisão aquática,"Embate de embarcações, navios ou veículos aquáticos com outras estruturas artificiais ou formações naturais.",Riscos Tecnológicos,Acidentes
2424,Exercício de Colisão aquática,"Exercícios no âmbito de embate de embarcações, navios ou veículos aquáticos com outras estruturas artificiais ou formações naturais.",Riscos Tecnológicos,Acidentes
2425,Abalroamento aquático,"Colisão entre embarcações, navios, ou veículos aquático.",Riscos Tecnológicos,Acidentes
2426,Exercício de Abalroamento aquático,"Exercícios no âmbito de uma colisão entre embarcações, navios, ou veículos aquático.",Riscos Tecnológicos,Acidentes
2427,Transporte suspenso,"Acidente com equipamentos suspensos de transporte de pessoas ou carga, ou necessidade de assistência a pessoas, podendo resultar danos pessoais ou materiais.",Riscos Tecnológicos,Acidentes
2428,Exercício em Transporte suspenso,"Exercícios no âmbito de um acidente com equipamentos suspensos de transporte de pessoas ou carga, ou necessidade de assistência a pessoas, podendo resultar danos pessoais ou materiais.",Riscos Tecnológicos,Acidentes
2501,"Radiológicos, dentro de uma instalação","Qualquer acidente com materiais radioativos, quando em armazenamento ou exploração, dando origem a emergências radiológicas ou nucleares.",Riscos Tecnológicos,Acidentes industriais e tecnológicos
2502,"Exercício em Radiológicos, dentro de uma instalação","Exercício no âmbito de qualquer acidente com materiais radioativos, quando em armazenamento ou exploração, dando origem a emergências radiológicas ou nucleares.",Riscos Tecnológicos,Acidentes industriais e tecnológicos
2503,"Químicos, dentro de uma instalação","Qualquer acidente com materiais deste tipo, quando em armazenamento ou exploração.",Riscos Tecnológicos,Acidentes industriais e tecnológicos
2504,"Exercício em Químicos, dentro de uma instalação","Exercício no âmbito de qualquer acidente com materiais deste tipo, quando em armazenamento ou exploração.",Riscos Tecnológicos,Acidentes industriais e tecnológicos
2505,"Biológicos, dentro de uma instalação","Qualquer acidente com materiais deste tipo, quando em armazenamento ou exploração.",Riscos Tecnológicos,Acidentes industriais e tecnológicos
2506,"Exercício em Biológicos, dentro de uma instalação","Exercício no âmbito de qualquer acidente com materiais deste tipo, quando em armazenamento ou exploração.",Riscos Tecnológicos,Acidentes industriais e tecnológicos
2507,"Radiológicos, em trânsito","Qualquer acidente com materiais radioativos, quando em transporte entre dois pontos
distantes, por qualquer via onde não exista contenção por edificado, dando origem a emergências radiológicas ou nucleares.",Riscos Tecnológicos,Acidentes industriais e tecnológicos
2508,"Exercício em Radiológicos, em trânsito","Exercício no âmbito de qualquer acidente com materiais radioativos, quando em transporte
entre dois pontos distantes, por qualquer via onde não exista contenção por edificado, dando origem a emergências radiológicas ou nucleares.",Riscos Tecnológicos,Acidentes industriais e tecnológicos
2509,"Químicos, em trânsito","Qualquer acidente com materiais deste tipo, quando em transporte entre dois pontos distantes, por qualquer via onde não exista contenção por edificado.",Riscos Tecnológicos,Acidentes industriais e tecnológicos
2510,"Exercício em Químicos, em trânsito","xercício no âmbito de qualquer acidente com materiais deste tipo, quando em transporte entre dois pontos distantes, por qualquer via onde não exista contenção por edificado.",Riscos Tecnológicos,Acidentes industriais e tecnológicos
2511,"Biológicos, em trânsito","Qualquer acidente com materiais deste tipo, quando em transporte entre dois pontos distantes, por qualquer via onde não exista contenção por edificado.",Riscos Tecnológicos,Acidentes industriais e tecnológicos
2512,"Exercício em Biológicos, em trânsito","xercício no âmbito de qualquer acidente com materiais deste tipo, quando em transporte entre dois pontos distantes, por qualquer via onde não exista contenção por edificado.",Riscos Tecnológicos,Acidentes industriais e tecnológicos
2513,Fuga de Gás em conduta,Deterioração ou falha técnica de conduta que dá origem a fuga de gás.,Riscos Tecnológicos,Acidentes industriais e tecnológicos
2514,Exercício de Fuga de Gás em conduta,"Exercício no âmbito de uma fuga de gás, causada pela deterioração ou falha técnica de conduta.",Riscos Tecnológicos,Acidentes industriais e tecnológicos
2515,Fuga de Gás em garrafa,"Fuga de gás com origem em garrafa, por deterioração, falha técnica, ou outra causa.",Riscos Tecnológicos,Acidentes industriais e tecnológicos
2516,Exercício de Fuga de Gás em garrafa,"Exercício no âmbito de uma fuga de gás com origem em garrafa, por deterioração, falha técnica, ou outra causa.",Riscos Tecnológicos,Acidentes industriais e tecnológicos
2517,Fuga de Gás em reservatório,"Fuga de gás com origem em reservatório, por deterioração, falha técnica, ou outra causa.",Riscos Tecnológicos,Acidentes industriais e tecnológicos
2518,Exercício de Fuga de Gás em reservatório,"Exercício no âmbito de uma fuga de gás com origem em reservatório, por deterioração, falha técnica, ou outra causa.",Riscos Tecnológicos,Acidentes industriais e tecnológicos
2519,Queda de Satélite,Queda de satélite artificial em território nacional.,Riscos Tecnológicos,Acidentes industriais e tecnológicos
2520,Exercício de Queda de Satélite,Exercício no âmbito de uma queda de satélite artificial em território nacional.,Riscos Tecnológicos,Acidentes industriais e tecnológicos
3101,Povoamento Florestal,"Incêndio que afeta um espaço florestal, arborizado.",Riscos Mistos,Incêndios Rurais
3102,Exercício em Povoamento Florestal,"Exercício no âmbito de um incêndio que afeta um espaço florestal, arborizado.",Riscos Mistos,Incêndios Rurais
3103,Mato,"Incêndio que afeta um espaço florestal, não arborizado.",Riscos Mistos,Incêndios Rurais
3104,Exercício em Mato,"Exercício no âmbito de um incêndio que afeta um espaço florestal, não arborizado.",Riscos Mistos,Incêndios Rurais
3105,Agrícola,Incêndio que afeta uma área destinada à exploração agrícola.,Riscos Mistos,Incêndios Rurais
3106,Exercício em Agrícola,Exercício no âmbito de um incêndio que afeta uma área destinada à exploração agrícola.,Riscos Mistos,Incêndios Rurais
3107,Consolidação de Rescaldo,"Empenhamento residual de meios em incêndios já extintos para consolidação do rescaldo em pontos quentes dentro do perímetro ardido, sem possibilidade de reacendimento que afete áreas adjacentes ao perímetro original (trata-se de uma nova ocorrência).",Riscos Mistos,Incêndios Rurais
3108,Exercício de Consolidação de Rescaldo,"Exercício no âmbito do empenhamento residual de meios em incêndios já extintos para consolidação do rescaldo em pontos quentes dentro do perímetro ardido, sem possibilidade de reacendimento que afete áreas adjacentes ao perímetro original (trata-se de uma nova
ocorrência).",Riscos Mistos,Incêndios Rurais
3109,Gestão de Combustível,"Ação que visa queimar combustíveis, de forma controlada e em condições de segurança, para prevenção de incêndios rurais e/ou renovação de pastagens ou terrenos agricultados.",Riscos Mistos,Incêndios Rurais
3110,Exercício de Gestão de Combustível,"Exercício no âmbito de uma ação que visa queimar combustíveis, de forma controlada e em condições de segurança, para prevenção de incêndios rurais e/ou renovação de pastagens ou terrenos agricultados.",Riscos Mistos,Incêndios Rurais
3111,Queima,"Empenho de meios para extinguir incêndios resultantes do uso do fogo para eliminar sobrantes de exploração, cortados e amontoados.",Riscos Mistos,Incêndios Rurais
3112,Exercício de Queima,"Exercício no âmbito do empenho de meios para extinguir incêndios resultantes do uso do 3112 fogo para eliminar sobrantes de exploração, cortados e amontoados.",Riscos Mistos,Incêndios Rurais
3201,Detritos não confinados,"Incêndios em lixos aglomerados ou dispersos, de carácter urbano ou industrial, como lixeiras e detritos abandonados.",Riscos Mistos,Incêndios em Detritos
3202,Exercício em Detritos não confinados,"Exercício no âmbito de incêndios em lixos aglomerados ou dispersos, de carácter urbano ou industrial, como lixeiras e detritos abandonados.",Riscos Mistos,Incêndios em Detritos
3203,Detritos confinados,"Incêndios em contentores de lixo/resíduos, urbanos ou industriais",Riscos Mistos,Incêndios em Detritos
3204,Exercício em Detritos confinados,"Exercício no âmbito de incêndios em contentores de lixo/resíduos, urbanos ou industriais",Riscos Mistos,Incêndios em Detritos
3301,Queda de Árvore,Queda de espécie de porte arbóreo por agente externo à espécie ou por degradação da mesma.,Riscos Mistos,"Comprometimento total ou parcial de segurança, serviços ou estruturas"
3302,Exercício de Queda de Árvore,Exercício no âmbito de queda de espécie de porte arbóreo por agente externo à espécie ou por degradação da mesma,Riscos Mistos,"Comprometimento total ou parcial de segurança, serviços ou estruturas"
3303,Corte de abastecimento de água,Corte de abastecimento de água à população durante um período superior a 24 horas.,Riscos Mistos,"Comprometimento total ou parcial de segurança, serviços ou estruturas"
3304,Exercício de Corte de abastecimento de água,Exercício no âmbito de um corte de abastecimento de água à população durante um período superior a 24 horas.,Riscos Mistos,"Comprometimento total ou parcial de segurança, serviços ou estruturas"
3305,Corte de abastecimento elétrico,Corte de abastecimento de eletricidade à população durante um período superior a 24 horas.,Riscos Mistos,"Comprometimento total ou parcial de segurança, serviços ou estruturas"
3306,Exercício de Corte de abastecimento elétrico,Exercício no âmbito de um corte de abastecimento de eletricidade à população durante um 3306 período superior a 24 horas.,Riscos Mistos,"Comprometimento total ou parcial de segurança, serviços ou estruturas"
3307,Corte de abastecimento de gás,Corte de abastecimento de gás à população durante um período superior a 24 horas.,Riscos Mistos,"Comprometimento total ou parcial de segurança, serviços ou estruturas"
3308,Exercício de Corte de abastecimento de gás,Exercício no âmbito de um corte de abastecimento de gás à população durante um período superior a 24 horas,Riscos Mistos,"Comprometimento total ou parcial de segurança, serviços ou estruturas"
3309,Desabamento de estruturas edificadas,"Colapso de edificado ou estrutura artificial que provoca danos a si mesma, e/ou a estruturas adjacentes.",Riscos Mistos,"Comprometimento total ou parcial de segurança, serviços ou estruturas"
3310,Exercício de Desabamento de estruturas edificadas,"Exercício no âmbito de um colapso de edificado ou estrutura artificial que provoca danos a si mesma, e/ou a estruturas adjacentes.",Riscos Mistos,"Comprometimento total ou parcial de segurança, serviços ou estruturas"
3311,Queda de elementos de construção em estruturas edificadas,"Queda ou desprendimento, parcial ou total, de elementos de construção ou decoração em edifícios, que indiciem mau estado de conservação e/ou falta de segurança dos mesmos.",Riscos Mistos,"Comprometimento total ou parcial de segurança, serviços ou estruturas"
3312,Exercício de Queda de elementos de construção em estruturas edificadas,"Exercício no âmbito de uma queda ou desprendimento, parcial ou total, de elementos de construção ou decoração em edifícios, que indiciem mau estado de conservação e/ou falta de segurança dos mesmos.",Riscos Mistos,"Comprometimento total ou parcial de segurança, serviços ou estruturas"
3313,Movimento de massa,Deslizamentos de terras e outros movimentos similares com provável arrasto de materiais sólidos.,Riscos Mistos,"Comprometimento total ou parcial de segurança, serviços ou estruturas"
3314,Exercício de Movimento de massa,Exercício no âmbito de deslizamentos de terras e outros movimentos similares com provável arrasto de materiais sólidos.,Riscos Mistos,"Comprometimento total ou parcial de segurança, serviços ou estruturas"
3315,Inundação de estruturas ou superfícies por precipitação intensa,"Preenchimento de espaços edificados ou superfícies (incluindo rodovias) por água, combinando precipitações intensas com ausência ou dificuldades de escoamento.",Riscos Mistos,"Comprometimento total ou parcial de segurança, serviços ou estruturas"
3316,Exercício de Inundação de estruturas ou superfícies por precipitação intensa,"Exercício no âmbito do preenchimento de espaços edificados ou superfícies (incluindo rodovias) por água, combinando precipitações intensas com ausência ou dificuldades de escoamento.",Riscos Mistos,"Comprometimento total ou parcial de segurança, serviços ou estruturas"
3317,Inundação de estruturas por água canalizada,"Preenchimento de espaços edificados ou superfícies (incluindo rodovias) por água, em resultado de ruturas de redes de abastecimento",Riscos Mistos,"Comprometimento total ou parcial de segurança, serviços ou estruturas"
3318,Exercício de Inundação de estruturas por água canalizada,"Exercício no âmbito do preenchimento de espaços edificados ou superfícies (incluindo 3318 rodovias) por água, em resultado de ruturas de redes de abastecimento.",Riscos Mistos,"Comprometimento total ou parcial de segurança, serviços ou estruturas"
3319,Desentupimento / Tamponamento,Desobstrução de canais entupidos e ações temporárias para evitar novas obstruções.,Riscos Mistos,"Comprometimento total ou parcial de segurança, serviços ou estruturas"
3320,Exercício de Desentupimento / Tamponamento,Exercício no âmbito de uma desobstrução de canais entupidos e ações temporárias para evitar novas obstruções.,Riscos Mistos,"Comprometimento total ou parcial de segurança, serviços ou estruturas"
3321,Dano ou Queda de redes de fornecimento elétrico,"Falha ou degradação de elementos técnicos (como cabos) necessários ao fornecimento de eletricidade, que exigem reparação ou remoção.",Riscos Mistos,"Comprometimento total ou parcial de segurança, serviços ou estruturas"
3322,Exercício de Dano ou Queda de redes de fornecimento elétrico,"Exercício no âmbito de uma falha ou degradação de elementos técnicos (como cabos) necessários ao fornecimento de eletricidade, que exigem reparação ou remoção.",Riscos Mistos,"Comprometimento total ou parcial de segurança, serviços ou estruturas"
3323,Dano em redes de abastecimento de água,"Falha ou degradação de elementos técnicos necessários ao fornecimento de água, que exigem fecho, reparação ou remoção.",Riscos Mistos,"Comprometimento total ou parcial de segurança, serviços ou estruturas"
3324,Exercício de Dano em redes de abastecimento de água,"Exercício no âmbito de uma falha ou degradação de elementos técnicos necessários ao fornecimento de água, que exigem fecho, reparação ou remoção.",Riscos Mistos,"Comprometimento total ou parcial de segurança, serviços ou estruturas"
3325,Dano em redes de abastecimento de gás,"Falha ou degradação de elementos técnicos necessários ao fornecimento de gás, que exigem fecho, reparação ou remoção",Riscos Mistos,"Comprometimento total ou parcial de segurança, serviços ou estruturas"
3326,Exercício de Dano em redes de abastecimento de gás,"xercício no âmbito de uma falha ou degradação de elementos técnicos necessários ao fornecimento de gás, que exigem fecho, reparação ou remoção.",Riscos Mistos,"Comprometimento total ou parcial de segurança, serviços ou estruturas"
3327,Dano em oleodutos e gasodutos,Falha ou degradação de elementos técnicos necessários ao transporte de hidrocarbonetos.,Riscos Mistos,"Comprometimento total ou parcial de segurança, serviços ou estruturas"
3328,Exercício de Dano em oleodutos e gasodutos,Exercício no âmbito de uma falha ou degradação de elementos técnicos necessários ao transporte de hidrocarbonetos.,Riscos Mistos,"Comprometimento total ou parcial de segurança, serviços ou estruturas"
3329,Queda de estruturas temporárias ou móveis,"Falha ou deterioração de estruturas como andaimes, estacaria, e outras, cuja queda danifica outros objetos ou pode criar perigo para pessoas e bens.",Riscos Mistos,"Comprometimento total ou parcial de segurança, serviços ou estruturas"
3330,Exercício de Queda de estruturas temporárias ou móveis,"Exercício no âmbito de uma falha ou deterioração de estruturas como andaimes, estacaria, e outras, cuja queda danifica outros objetos ou pode criar perigo para pessoas e bens.",Riscos Mistos,"Comprometimento total ou parcial de segurança, serviços ou estruturas"
3331,Colapso de galerias e cavidades artificiais,Intervenção de socorro em situação de colapso de galerias e cavidades artificiais como minas ou túneis.,Riscos Mistos,"Comprometimento total ou parcial de segurança, serviços ou estruturas"
3332,Exercício de Colapso de galerias e cavidades artificiais,"Exercício no âmbito de uma intervenção de socorro em situação de colapso de galerias e cavidades artificiais como minas ou túneis.
",Riscos Mistos,"Comprometimento total ou parcial de segurança, serviços ou estruturas"
3333,Rutura de Barragens,"Ações de proteção e socorro realizadas na sequência da rutura de barragens, com perigo para populações e bens por cheia rápida e inundação a jusante.",Riscos Mistos,"Comprometimento total ou parcial de segurança, serviços ou estruturas"
3334,Exercício de Rutura de Barragens,"Exercício no âmbito de ações de proteção e socorro realizadas na sequência da rutura de barragens, com perigo para populações e bens por cheia rápida e inundação a jusante.",Riscos Mistos,"Comprometimento total ou parcial de segurança, serviços ou estruturas"
3335,Sabotagem a estruturas críticas,Atos de sabotagem a infraestruturas e/ou serviços críticos para o normal funcionamento da sociedade.,Riscos Mistos,"Comprometimento total ou parcial de segurança, serviços ou estruturas"
3336,Exercício de Sabotagem a estruturas críticas,Exercício no âmbito de atos de sabotagem a infraestruturas e/ou serviços críticos para o normal funcionamento da sociedade.,Riscos Mistos,"Comprometimento total ou parcial de segurança, serviços ou estruturas"
3337,Queda de projétil comandado,"Queda em território nacional de projétil comandado, como um míssil.",Riscos Mistos,"Comprometimento total ou parcial de segurança, serviços ou estruturas"
3338,Exercício de Queda de projétil comandado,"Exercício no âmbito de uma queda em território nacional de projétil comandado, como um míssil.",Riscos Mistos,"Comprometimento total ou parcial de segurança, serviços ou estruturas"
4101,Intoxicação,"Exposição a um tóxico, em qualquer fase, havendo necessidade de atuação para mitigar os efeitos do tóxico sobre o indivíduo/a população afetada.",Proteção e Assistência a Pessoas e Bens,Assistência em Saúde
4102,Exercício de Intoxicação,"Exercício no âmbito de uma exposição a um tóxico, em qualquer fase, havendo necessidade de atuação para mitigar os efeitos do tóxico sobre o indivíduo/a população afetada.",Proteção e Assistência a Pessoas e Bens,Assistência em Saúde
4103,Doença súbita,"Situação pessoal, inesperada e repentina, que exige cuidado médico imediato, declarado por entidade competente (com número CODU).",Proteção e Assistência a Pessoas e Bens,Assistência em Saúde
4104,Exercício de Doença súbita,"Exercício no âmbito de uma situação pessoal, inesperada e repentina, que exige cuidado médico imediato, declarado por entidade competente (com número CODU).",Proteção e Assistência a Pessoas e Bens,Assistência em Saúde
4105,Trauma,"Ferimentos, internos ou externos, causados por movimento abrupto ou de grande impacte físico, que exige cuidados hospitalares.",Proteção e Assistência a Pessoas e Bens,Assistência em Saúde
4106,Exercício de Trauma,"Exercício no âmbito da prestação de cuidados a uma vítima com ferimentos, internos ou externos, causados por movimento abrupto ou de grande impacte físico, que exige cuidados hospitalares.",Proteção e Assistência a Pessoas e Bens,Assistência em Saúde
4107,Queimadura,"Lesão corporal que resulta do contacto direto ou exposição a agentes térmicos, químicos, radioativos ou elétricos.",Proteção e Assistência a Pessoas e Bens,Assistência em Saúde
4108,Exercício de Queimadura,"Exercício no âmbito da prestação de cuidados a uma vítima com uma lesão corporal que resulta do contacto direto ou exposição a agentes térmicos, químicos, radioativos ou elétricos.",Proteção e Assistência a Pessoas e Bens,Assistência em Saúde
4109,Trabalho de Parto,"Auxílio a parturiente, cujo destino é uma unidade hospitalar, podendo haver lugar ao auxílio ao nascimento se o parto se apresentar súbito ou em fase avançada.",Proteção e Assistência a Pessoas e Bens,Assistência em Saúde
4110,Exercício de Trabalho de Parto,"Exercício no âmbito do auxílio a parturiente, cujo destino é uma unidade hospitalar, podendo haver lugar ao auxílio ao nascimento se o parto se apresentar súbito ou em fase avançada.",Proteção e Assistência a Pessoas e Bens,Assistência em Saúde
4111,Pré-Afogamento,"Submersão em ambiente líquido, conduzindo a um estado de asfixia reversível, não resultando na morte do indivíduo",Proteção e Assistência a Pessoas e Bens,Assistência em Saúde
4112,Exercício de Pré-Afogamento,"xercício no âmbito da prestação de cuidados a uma vítima de submersão em ambiente líquido, conduzindo a um estado de asfixia reversível, não resultando na morte do indivíduo.",Proteção e Assistência a Pessoas e Bens,Assistência em Saúde
4113,Afogamento,"Submersão em ambiente líquido levando à asfixia, exigindo auxílio rápido para remoção da vítima",Proteção e Assistência a Pessoas e Bens,Assistência em Saúde
4114,Exercício de Afogamento,"Exercício no âmbito da prestação de cuidados a uma vítima de submersão em ambiente líquido levando à asfixia, exigindo auxílio rápido para remoção da vítim",Proteção e Assistência a Pessoas e Bens,Assistência em Saúde
4115,Evacuação e Transporte médico aéreo,"Transporte de doentes ou sinistrados em aeronave, com destino a unidade de cuidados de saúde (evacuação secundária, entre unidades de cuidados de saúde).",Proteção e Assistência a Pessoas e Bens,Assistência em Saúde
4116,Exercício de Evacuação e Transporte médico aéreo,"Exercício no âmbito da prestação de cuidados a uma vítima de submersão em ambiente líquido levando à asfixia, exigindo auxílio rápido para remoção da vítima.",Proteção e Assistência a Pessoas e Bens,Assistência em Saúde
4117,Transporte de órgãos,Transporte de órgãos entre unidades hospitalares para efeitos de transplantação.,Proteção e Assistência a Pessoas e Bens,Assistência em Saúde
4118,Exercício de Transporte de órgãos,Exercício no âmbito de um transporte de órgãos entre unidades hospitalares para efeitos de transplantação.,Proteção e Assistência a Pessoas e Bens,Assistência em Saúde
4119,Transporte Regular de Doentes,"Transporte de pessoas doentes, fora do contexto da emergência médica declarada por
entidade competente, incluindo o transporte regular para obtenção de cuidados continuados
de saúde, e seu retorno.",Proteção e Assistência a Pessoas e Bens,Assistência em Saúde
4121,Transporte Extra SIEM,"ransporte de pessoas doentes, em contexto urgente, sem declaração por entidade competente do Sistema Integrado de Emergência Médica (sem número CODU).
",Proteção e Assistência a Pessoas e Bens,Assistência em Saúde
4123,Transporte de Doentes entre Unidades de Saúde,"ransporte de pessoas doentes entre unidade hospitalar de primeira prestação de cuidados médicos de emergência, e uma unidade de cuidados médicos de segunda linha.",Proteção e Assistência a Pessoas e Bens,Assistência em Saúde
4124,Exercício de Transporte de Doentes entre Unidades de Saúde,"Exercício no âmbito de um transporte de pessoas doentes entre unidade hospitalar de primeira prestação de cuidados médicos de emergência, e uma unidade de cuidados médicos de segunda linha.",Proteção e Assistência a Pessoas e Bens,Assistência em Saúde
4201,Ameaça de explosão,Atuação na sequência de aviso de existência de engenho explosivo em edifícios ou locais públicos.,Proteção e Assistência a Pessoas e Bens,Intervenção em conflitos legais
4202,Exercício de Ameaça de explosão,Exercício no âmbito de uma atuação na sequência de aviso de existência de engenho 4202 explosivo em edifícios ou locais públicos.,Proteção e Assistência a Pessoas e Bens,Intervenção em conflitos legais
4203,Explosão,"Rebentamento efetivo de engenho explosivo ou explosão de outra substância, com ou sem aviso prévio, exigindo empenho de forças de proteção e socorro.",Proteção e Assistência a Pessoas e Bens,Intervenção em conflitos legais
4204,Exercício de Explosão,"Exercício no âmbito de um rebentamento efetivo de engenho explosivo ou explosão de outra substância, com ou sem aviso prévio, exigindo empenho de forças de proteção e socorro.",Proteção e Assistência a Pessoas e Bens,Intervenção em conflitos legais
4205,Agressão/Violação,"Qualquer ação que atente contra a integridade física ou psicológica, exigindo intervenção para proteção e socorro.",Proteção e Assistência a Pessoas e Bens,Intervenção em conflitos legais
4206,Exercício de Agressão/Violação,"Exercício no âmbito de uma qualquer ação que atente contra a integridade física ou psicológica, exigindo intervenção para proteção e socorro.",Proteção e Assistência a Pessoas e Bens,Intervenção em conflitos legais
4207,Suicídio/Homicídio na forma tentada,"Tentativa de terminar a vida, própria ou de terceiros.",Proteção e Assistência a Pessoas e Bens,Intervenção em conflitos legais
4209,Suicídio/Homicídio consumado,"Suicídio ou homicídio concretizados, exigindo a confirmação do óbito por autoridade competente.",Proteção e Assistência a Pessoas e Bens,Intervenção em conflitos legais
4211,Motim,Alteração da ordem pública.,Proteção e Assistência a Pessoas e Bens,Intervenção em conflitos legais
4212,Exercício de Motim,Exercício no âmbito de uma alteração da ordem pública.,Proteção e Assistência a Pessoas e Bens,Intervenção em conflitos legais
4213,Remoção e/ou Transporte de cadáver,"emoção ou transporte de cadáver, da via pública, habitação ou outro local, após confirmação do óbito por autoridade competente.",Proteção e Assistência a Pessoas e Bens,Intervenção em conflitos legais
4214,Exercício de Remoção e/ou Transporte de cadáver,"Exercício no âmbito de uma remoção ou transporte de cadáver, da via pública, habitação ou outro local, após confirmação do óbito por autoridade competente.",Proteção e Assistência a Pessoas e Bens,Intervenção em conflitos legais
4215,Apoio às Forças de Segurança,Atuação na sequência de pedido expresso das forças de segurança com vista à prestação de apoio ao desempenho das suas missões.,Proteção e Assistência a Pessoas e Bens,Intervenção em conflitos legais
4216,Exercício de Apoio às Forças de Segurança,Exercício no âmbito de uma atuação na sequência de pedido expresso das forças de segurança com vista à prestação de apoio ao desempenho das suas missões.,Proteção e Assistência a Pessoas e Bens,Intervenção em conflitos legais
4301,"Patrulhamento, Reconhecimento e Vigilância","Empenho de forças de proteção e socorro em locais com elevada probabilidade de ocorrência de fenómenos danosos para as populações, património ou ambiente.",Proteção e Assistência a Pessoas e Bens,Assistência e Prevenção a atividades humanas
4302,"Exercício de Patrulhamento, Reconhecimento e Vigilância","Exercício de empenho de forças de proteção e socorro em locais com elevada probabilidade de ocorrência de fenómenos danosos para as populações, património ou ambiente.",Proteção e Assistência a Pessoas e Bens,Assistência e Prevenção a atividades humanas
4303,Prevenção a atividades de lazer,"Empenho de forças de proteção e socorro em locais de reunião de massas humanas em atividades de lazer, como espetáculos e atividades desportivas, para prestação de assistência rápida em caso de necessidade.",Proteção e Assistência a Pessoas e Bens,Assistência e Prevenção a atividades humanas
4304,Exercício de Prevenção a atividades de lazer,"Exercício no âmbito do empenho de forças de proteção e socorro em locais de reunião de massas humanas em atividades de lazer, como espetáculos e atividades desportivas, para prestação de assistência rápida em caso de necessidade.",Proteção e Assistência a Pessoas e Bens,Assistência e Prevenção a atividades humanas
4305,Limpeza de Via e Sinalização de Perigo,"Todo o tipo de limpeza de via, por quaisquer meios, removendo obstáculos e sinalização de perigos para a circulação.",Proteção e Assistência a Pessoas e Bens,Assistência e Prevenção a atividades humanas
4306,Exercício de Limpeza de Via e Sinalização de Perigo,"Exercício no âmbito de todo o tipo de limpeza de via, por quaisquer meios, removendo obstáculos e sinalização de perigos para a circulação.",Proteção e Assistência a Pessoas e Bens,Assistência e Prevenção a atividades humanas
4307,Assistência à população e Apoio Social,"Todo o tipo de situação que envolva forças de proteção e socorro para auxílio ou encaminhamento das populações para entidades competentes à prestação de resposta à situação em apreço, ou para apoio psicossocial.",Proteção e Assistência a Pessoas e Bens,Assistência e Prevenção a atividades humanas
4308,Exercício de Assistência à população e Apoio Social,"Exercício no âmbito de o tipo de situação que envolva forças de proteção e socorro para auxílio ou encaminhamento das populações para entidades competentes à prestação de resposta à situação em apreço, ou para apoio psicossocial.",Proteção e Assistência a Pessoas e Bens,Assistência e Prevenção a atividades humanas
4309,Apoio psicossocial a operacionais,"Prestação de apoio psicossocial a operacionais, no âmbito da ANPC.",Proteção e Assistência a Pessoas e Bens,Assistência e Prevenção a atividades humanas
4310,Exercício de Apoio psicossocial a operacionais,"Exercício no âmbito da prestação de apoio psicossocial a operacionais, no âmbito da ANPC.",Proteção e Assistência a Pessoas e Bens,Assistência e Prevenção a atividades humanas
4311,Abastecimento de Água à População,Fornecimento de água a uma população privada de abastecimento.,Proteção e Assistência a Pessoas e Bens,Assistência e Prevenção a atividades humanas
4312,Exercício de Abastecimento de Água à População,Exercício no âmbito do fornecimento de água a uma população privada de abastecimento.,Proteção e Assistência a Pessoas e Bens,Assistência e Prevenção a atividades humanas
4313,Abastecimento de Água a entidades públicas,"Fornecimento de água a entidades públicas privadas de abastecimento por períodos prolongados, ou por períodos curtos nos casos em que a água é essencial à segurança das populações servidas, como centros de diálise, hospitais e outros).",Proteção e Assistência a Pessoas e Bens,Assistência e Prevenção a atividades humanas
4314,Exercício de Abastecimento de Água a entidades públicas,"Exercício no âmbito do fornecimento de água a entidades públicas privadas de abastecimento por períodos prolongados, ou por períodos curtos nos casos em que a água é essencial à segurança das populações servidas, como centros de diálise, hospitais e outros).",Proteção e Assistência a Pessoas e Bens,Assistência e Prevenção a atividades humanas
4315,Abastecimento de Água a entidades privadas,"Fornecimento de água a uma entidade privada, em resultado de interrupção de abastecimento ou em reposição a quantitativos utilizados em ações de proteção e socorro.",Proteção e Assistência a Pessoas e Bens,Assistência e Prevenção a atividades humanas
4316,Exercício de Abastecimento de Água a entidades privadas,"Exercício no âmbito do fornecimento de água a uma entidade privada, em resultado de interrupção de abastecimento ou em reposição a quantitativos utilizados em ações de proteção e socorro.",Proteção e Assistência a Pessoas e Bens,Assistência e Prevenção a atividades humanas
4317,Abertura de porta com socorro,"Abertura de porta em missão de socorro, havendo perigo para a segurança de pessoas, bens e património.",Proteção e Assistência a Pessoas e Bens,Assistência e Prevenção a atividades humanas
4318,Exercício de Abertura de porta com socorro,"Exercício no âmbito da abertura de porta em missão de socorro, havendo perigo para a segurança de pessoas, bens e património.",Proteção e Assistência a Pessoas e Bens,Assistência e Prevenção a atividades humanas
4319,Abertura de porta sem socorro,"Abertura de porta em situação da qual não resulta perigo imediato para pessoas, bens e património.",Proteção e Assistência a Pessoas e Bens,Assistência e Prevenção a atividades humanas
4320,Exercício de Abertura de porta sem socorro,"Exercício no âmbito da abertura de porta em situação da qual não resulta perigo imediato para pessoas, bens e património",Proteção e Assistência a Pessoas e Bens,Assistência e Prevenção a atividades humanas
4321,Abertura de Elevadores,"ibertação de pessoas presas no interior de elevadores, por avaria, falha de alimentação elétrica ou outra cau",Proteção e Assistência a Pessoas e Bens,Assistência e Prevenção a atividades humanas
4322,Exercício de Abertura de Elevadores,"xercício no âmbito da libertação de pessoas presas no interior de elevadores, por avaria, falha de alimentação elétrica ou outra causa",Proteção e Assistência a Pessoas e Bens,Assistência e Prevenção a atividades humanas
4323,Reboque e Desempanagem,"Assistir ou rebocar veículo imobilizado, por falha mecânica ou evento exterior ao veículo.",Proteção e Assistência a Pessoas e Bens,Assistência e Prevenção a atividades humanas
4324,Exercício de Reboque e Desempanagem,"Exercício no âmbito de assistir ou rebocar veículo imobilizado, por falha mecânica ou evento 4324 exterior ao veículo.",Proteção e Assistência a Pessoas e Bens,Assistência e Prevenção a atividades humanas
4325,Evacuação,Ações desenvolvidas para retirada/movimentação de pessoas ou bens entre locais distintos para salvaguarda da sua segurança,Proteção e Assistência a Pessoas e Bens,Assistência e Prevenção a atividades humanas
4326,Exercício de Evacuação,Exercício no âmbito de ações desenvolvidas para retirada/movimentação de pessoas ou bens entre locais distintos para salvaguarda da sua segurança.,Proteção e Assistência a Pessoas e Bens,Assistência e Prevenção a atividades humanas
4327,"Busca e Resgate Terrestre, de Pessoas","Processo de busca e resgate ou salvamento de pessoas em ambiente terrestre, para localização e colocação em condições de segurança.",Proteção e Assistência a Pessoas e Bens,Assistência e Prevenção a atividades humanas
4328,"Exercício de Busca e Resgate Terrestre, de Pessoas","Exercício no âmbito do processo de busca e resgate ou salvamento de pessoas em ambiente terrestre, para localização e colocação em condições de segurança.",Proteção e Assistência a Pessoas e Bens,Assistência e Prevenção a atividades humanas
4329,"Busca e Resgate Aquático, de Pessoas","Processo de busca e resgate ou salvamento de pessoas em ambiente aquático, para localização e colocação em condições de segurança.",Proteção e Assistência a Pessoas e Bens,Assistência e Prevenção a atividades humanas
4330,"Exercício de Busca e Resgate Aquático, de Pessoas","Exercício no âmbito do processo de busca e resgate ou salvamento de pessoas em ambiente aquático, para localização e colocação em condições de segurança.",Proteção e Assistência a Pessoas e Bens,Assistência e Prevenção a atividades humanas
4331,"Busca e Resgate Terrestre, de Animais","Processo de busca e resgate ou salvamento de animais em ambiente terrestre, para localização e colocação em condições de segurança.",Proteção e Assistência a Pessoas e Bens,Assistência e Prevenção a atividades humanas
4332,"Exercício de Busca e Resgate Terrestre, de Animais","Exercício no âmbito do processo de busca e resgate ou salvamento de animais em ambiente terrestre, para localização e colocação em condições de segurança.",Proteção e Assistência a Pessoas e Bens,Assistência e Prevenção a atividades humanas
4333,"Busca e Resgate Aquático, de Animais","Processo de busca e resgate ou salvamento de animais em ambiente aquático, para localização e colocação em condições de segurança.
",Proteção e Assistência a Pessoas e Bens,Assistência e Prevenção a atividades humanas
4334,"Exercício de Busca e Resgate Aquático, de Animais","Exercício no âmbito do processo de busca e resgate ou salvamento de animais em ambiente aquático, para localização e colocação em condições de segurança.",Proteção e Assistência a Pessoas e Bens,Assistência e Prevenção a atividades humanas
4335,Prevenção a Queimadas,"Empenhamento de meios para acompanhamento de queimadas, procurando evitar a sua propagação descontrolada.",Proteção e Assistência a Pessoas e Bens,Assistência e Prevenção a atividades humanas
4336,Exercício de Prevenção a Queimadas,"Exercício no âmbito do empenhamento de meios para acompanhamento de queimadas, procurando evitar a sua propagação descontrolada.
",Proteção e Assistência a Pessoas e Bens,Assistência e Prevenção a atividades humanas
4337,Acompanhamento de Transportes,"Empenhamento de meios para acompanhamento de transportes em coluna ou transportes especiais, não regulares.",Proteção e Assistência a Pessoas e Bens,Assistência e Prevenção a atividades humanas
4338,Exercício de Acompanhamento de Transportes,"Exercício no âmbito do empenhamento de meios para acompanhamento de transportes em coluna ou transportes especiais, não regulares.",Proteção e Assistência a Pessoas e Bens,Assistência e Prevenção a atividades humanas
4339,Corte ou Remoção de elementos em perigo de queda,"Empenhamento de meios para corte ou remoção de elementos cuja queda se apresente
iminente, resultando em danos para pessoas e bens. Inclui o corte ou remoção de árvores, ou de outras estruturas artificiais temporárias ou permanentes, como postes, painéis ou
andaimes, entre outros.",Proteção e Assistência a Pessoas e Bens,Assistência e Prevenção a atividades humanas
4340,Exercício de Corte ou Remoção de elementos em perigo de queda,"Exercício no âmbito do empenhamento de meios para corte ou remoção de elementos cuja
queda se apresente iminente, resultando em danos para pessoas e bens. Inclui o corte ou remoção de árvores, ou de outras estruturas artificiais temporárias ou permanentes, como postes, painéis ou andaimes, entre outros.",Proteção e Assistência a Pessoas e Bens,Assistência e Prevenção a atividades humanas
